{
    "camera_matrix": [
        [
            1573.736793054892,
            17.431218870399007,
            1070.773558447922
        ],
        [
            0.0,
            1583.320138730343,
            425.0448111595090
        ],
        [
            0.0,
            0.0,
            1.0
        ]
    ],
    "dist_coeff": [
        [
            -0.369035469283857,
            -0.132730837154030,
            0.015154595472408,
            -0.021629052573773,
            0.365367526057218
        ]
    ]
}