{
    "camera_matrix": [
        [
            1577.580831676700,
            -9.961764495205228,
            935.5787828325379
        ],
        [
            0.0,
            1563.640942396033,
            392.1610209705847
        ],
        [
            0.0,
            0.0,
            1.0
        ]
    ],
    "dist_coeff": [
        [
            -0.340252091359148,
            -0.078075436442790,
            0.019550853352998,
            0.008485772867068,
            0.212104763225972
        ]
    ]
}