{
    "R": [
        [
            0.998386173356898,
            -0.0002378180596537593,
            0.056789015595804
        ],
        [
            -0.00245099338141024,
            0.998878997868820,
            0.0472730393356150
        ],
        [
            -0.0567365973707821,
            -0.0473359383465969,
            0.997266397438334
        ]
    ],
    "T": [
        -174.233029332904,
        0.0715266820392631,
        2.20348331541942
    ]
}